{
  "dimension": 128,
  "codebooks": {
    "1": {
      "bit_width": 1,
      "n_levels": 2,
      "centroids": [
        -0.07066158769779213,
        0.07066158769779213
      ],
      "expected_mse": 0.36088832307541935
    },
    "2": {
      "bit_width": 2,
      "n_levels": 4,
      "centroids": [
        -0.13311451677280386,
        -0.0400274664834152,
        0.04002746648341517,
        0.1331145167728038
      ],
      "expected_mse": 0.11599992634243472
    },
    "3": {
      "bit_width": 3,
      "n_levels": 8,
      "centroids": [
        -0.18904037194348838,
        -0.11879501670185091,
        -0.06702922184405663,
        -0.02174971334976657,
        0.02174971334976654,
        0.0670292218440566,
        0.11879501670185087,
        0.18904037194348833
      ],
      "expected_mse": 0.03396922058758807
    },
    "4": {
      "bit_width": 4,
      "n_levels": 16,
      "centroids": [
        -0.239612533071387,
        -0.18317108415643454,
        -0.14430970076906538,
        -0.11276586366299288,
        -0.08507481024405737,
        -0.05962130616889217,
        -0.035390176872708554,
        -0.01173284981923122,
        0.0117328498192312,
        0.035390176872708505,
        0.05962130616889214,
        0.0850748102440573,
        0.11276586366299284,
        0.14430970076906535,
        0.1831710841564345,
        0.23961253307138697
      ],
      "expected_mse": 0.009329931321633787
    }
  }
}